-- phpMyAdmin SQL Dump
-- version 5.2.1
-- https://www.phpmyadmin.net/
--
-- Host: 127.0.0.1
-- Generation Time: Jan 20, 2025 at 11:03 AM
-- Server version: 10.4.32-MariaDB
-- PHP Version: 8.2.12

SET SQL_MODE = "NO_AUTO_VALUE_ON_ZERO";
START TRANSACTION;
SET time_zone = "+00:00";


/*!40101 SET @OLD_CHARACTER_SET_CLIENT=@@CHARACTER_SET_CLIENT */;
/*!40101 SET @OLD_CHARACTER_SET_RESULTS=@@CHARACTER_SET_RESULTS */;
/*!40101 SET @OLD_COLLATION_CONNECTION=@@COLLATION_CONNECTION */;
/*!40101 SET NAMES utf8mb4 */;

--
-- Database: `clinic`
--

-- --------------------------------------------------------

--
-- Table structure for table `appointment_list`
--

CREATE TABLE `appointment_list` (
  `id` int(255) NOT NULL,
  `client_id` int(255) NOT NULL,
  `fullname` longtext NOT NULL,
  `campus_id` varchar(255) NOT NULL,
  `session_id` int(11) NOT NULL,
  `schedule` varchar(255) NOT NULL,
  `ailment` text NOT NULL,
  `status` tinyint(1) NOT NULL DEFAULT 0,
  `findings` longtext NOT NULL,
  `treatment` longtext NOT NULL,
  `date_created` datetime NOT NULL DEFAULT current_timestamp()
) ENGINE=InnoDB DEFAULT CHARSET=utf8mb4 COLLATE=utf8mb4_general_ci;

--
-- Dumping data for table `appointment_list`
--

INSERT INTO `appointment_list` (`id`, `client_id`, `fullname`, `campus_id`, `session_id`, `schedule`, `ailment`, `status`, `findings`, `treatment`, `date_created`) VALUES
(15, 5, 'aaa, Arron aaa', '4', 5, 'Monday | 13:00:00', 'aaa', 2, '', '', '2025-01-13 22:27:29'),
(17, 13, 'eee, Emelda eee', '4', 5, 'Monday | 13:00:00', 'qqq', 1, '', '', '2025-01-14 00:28:29'),
(18, 13, 'eee, Emelda eee', '4', 2, 'Monday | 20:00:00', 'www', 0, '', '', '2025-01-14 00:30:24'),
(19, 13, 'eee, Emelda eee', '4', 3, 'Monday | 09:00:00', 'mmm', 0, '', '', '2025-01-14 00:32:00'),
(21, 13, 'eee, Emelda eee', '4', 3, 'Monday | 09:00:00', 'asdf', 0, '', '', '2025-01-14 18:15:43');

-- --------------------------------------------------------

--
-- Table structure for table `campus_list`
--

CREATE TABLE `campus_list` (
  `id` int(30) NOT NULL,
  `campus` varchar(200) NOT NULL,
  `description` text NOT NULL
) ENGINE=InnoDB DEFAULT CHARSET=utf8mb4 COLLATE=utf8mb4_general_ci;

--
-- Dumping data for table `campus_list`
--

INSERT INTO `campus_list` (`id`, `campus`, `description`) VALUES
(1, 'Main Campus', 'Campus 1'),
(4, 'San Jose Campus', 'Campus 2'),
(7, 'Murtha Campus', 'Campus 3'),
(8, 'Sablayan Campus', 'Campus 4'),
(10, 'Mamburao Campus', 'Campus 5'),
(13, 'Lubang Campus', '');

-- --------------------------------------------------------

--
-- Table structure for table `client_list`
--

CREATE TABLE `client_list` (
  `id` int(30) NOT NULL,
  `firstname` varchar(200) NOT NULL,
  `middlename` varchar(200) NOT NULL,
  `lastname` varchar(200) NOT NULL,
  `contact` varchar(255) NOT NULL,
  `email` varchar(200) NOT NULL,
  `password` text NOT NULL,
  `campus_id` int(30) NOT NULL,
  `designation_id` int(30) NOT NULL,
  `avatar` text DEFAULT NULL,
  `date_created` datetime NOT NULL DEFAULT current_timestamp(),
  `fullname` varchar(255) NOT NULL,
  `patient_type` int(11) NOT NULL,
  `d1` varchar(255) NOT NULL,
  `d2` varchar(255) NOT NULL,
  `d3` varchar(255) NOT NULL,
  `d4` varchar(255) NOT NULL,
  `d5` varchar(255) NOT NULL,
  `d6` varchar(255) DEFAULT NULL,
  `d7` varchar(255) NOT NULL,
  `d8` varchar(255) NOT NULL,
  `d9` varchar(255) NOT NULL,
  `d10` varchar(255) NOT NULL,
  `d11` varchar(255) NOT NULL,
  `d12` varchar(255) NOT NULL,
  `d13` varchar(255) NOT NULL,
  `d14` varchar(255) NOT NULL,
  `d15` varchar(255) NOT NULL,
  `d16` varchar(255) NOT NULL,
  `d17` varchar(255) NOT NULL,
  `d18` varchar(255) NOT NULL,
  `d19` varchar(255) NOT NULL,
  `d20` varchar(255) NOT NULL,
  `d21` varchar(255) NOT NULL,
  `d22` varchar(255) NOT NULL,
  `d23` varchar(255) DEFAULT NULL,
  `d24` varchar(255) NOT NULL,
  `d25` varchar(255) DEFAULT NULL,
  `d26` varchar(255) NOT NULL,
  `d27` varchar(255) DEFAULT NULL,
  `d28` varchar(255) NOT NULL,
  `d29` varchar(255) DEFAULT NULL,
  `d30` varchar(255) NOT NULL,
  `d31` varchar(255) DEFAULT NULL,
  `d32` varchar(255) NOT NULL,
  `d33` varchar(255) DEFAULT NULL,
  `d34` varchar(255) NOT NULL,
  `d35` int(11) NOT NULL DEFAULT 0,
  `d36` int(11) NOT NULL,
  `d37` int(11) NOT NULL,
  `d38` int(11) NOT NULL,
  `d39` int(11) NOT NULL,
  `d40` int(11) NOT NULL,
  `d41` int(11) NOT NULL,
  `d42` int(11) NOT NULL,
  `d43` int(11) NOT NULL,
  `d44` int(11) NOT NULL,
  `d45` int(11) NOT NULL,
  `d46` int(11) NOT NULL,
  `d47` int(11) NOT NULL,
  `d48` int(11) NOT NULL,
  `d49` int(11) NOT NULL,
  `d50` int(11) NOT NULL,
  `d51` int(11) NOT NULL,
  `d52` int(11) NOT NULL,
  `d53` int(11) NOT NULL,
  `d54` int(11) NOT NULL,
  `d55` int(11) NOT NULL,
  `d56` int(11) NOT NULL,
  `d57` int(11) NOT NULL,
  `d58` int(11) NOT NULL,
  `d59` int(11) NOT NULL,
  `d60` int(11) NOT NULL,
  `d61` int(11) NOT NULL,
  `d62` int(11) NOT NULL,
  `d63` int(11) NOT NULL,
  `d64` int(11) NOT NULL,
  `d65` int(11) NOT NULL,
  `d66` int(11) NOT NULL,
  `d67` int(11) NOT NULL,
  `d68` varchar(255) NOT NULL,
  `d69` int(11) NOT NULL,
  `d70` varchar(255) NOT NULL,
  `d71` int(11) NOT NULL,
  `d72` varchar(255) NOT NULL,
  `d73` int(11) NOT NULL,
  `d74` varchar(255) NOT NULL,
  `d75` int(11) NOT NULL,
  `d76` varchar(255) NOT NULL,
  `d77` int(11) NOT NULL,
  `d78` varchar(255) NOT NULL,
  `d79` int(11) NOT NULL,
  `d80` varchar(255) NOT NULL,
  `d81` int(11) NOT NULL,
  `d82` varchar(255) NOT NULL,
  `d83` int(11) NOT NULL,
  `d84` varchar(255) NOT NULL,
  `d85` int(11) NOT NULL,
  `d86` varchar(255) NOT NULL,
  `d87` int(11) NOT NULL,
  `d88` varchar(255) NOT NULL,
  `d89` int(11) NOT NULL,
  `d90` varchar(255) NOT NULL,
  `d91` int(11) NOT NULL,
  `d92` varchar(255) NOT NULL,
  `d93` int(11) NOT NULL,
  `d94` varchar(255) NOT NULL,
  `d95` varchar(255) NOT NULL,
  `d96` varchar(255) NOT NULL,
  `d97` varchar(255) NOT NULL,
  `d98` varchar(255) NOT NULL,
  `d99` varchar(255) NOT NULL,
  `d100` varchar(255) NOT NULL,
  `d101` varchar(255) NOT NULL,
  `d102` varchar(255) NOT NULL,
  `d103` varchar(255) NOT NULL
) ENGINE=InnoDB DEFAULT CHARSET=utf8mb4 COLLATE=utf8mb4_general_ci;

--
-- Dumping data for table `client_list`
--

INSERT INTO `client_list` (`id`, `firstname`, `middlename`, `lastname`, `contact`, `email`, `password`, `campus_id`, `designation_id`, `avatar`, `date_created`, `fullname`, `patient_type`, `d1`, `d2`, `d3`, `d4`, `d5`, `d6`, `d7`, `d8`, `d9`, `d10`, `d11`, `d12`, `d13`, `d14`, `d15`, `d16`, `d17`, `d18`, `d19`, `d20`, `d21`, `d22`, `d23`, `d24`, `d25`, `d26`, `d27`, `d28`, `d29`, `d30`, `d31`, `d32`, `d33`, `d34`, `d35`, `d36`, `d37`, `d38`, `d39`, `d40`, `d41`, `d42`, `d43`, `d44`, `d45`, `d46`, `d47`, `d48`, `d49`, `d50`, `d51`, `d52`, `d53`, `d54`, `d55`, `d56`, `d57`, `d58`, `d59`, `d60`, `d61`, `d62`, `d63`, `d64`, `d65`, `d66`, `d67`, `d68`, `d69`, `d70`, `d71`, `d72`, `d73`, `d74`, `d75`, `d76`, `d77`, `d78`, `d79`, `d80`, `d81`, `d82`, `d83`, `d84`, `d85`, `d86`, `d87`, `d88`, `d89`, `d90`, `d91`, `d92`, `d93`, `d94`, `d95`, `d96`, `d97`, `d98`, `d99`, `d100`, `d101`, `d102`, `d103`) VALUES
(3, 'I Am', 'A.', 'Employee', '', 'employee@gmail.com', 'fa5473530e4d1a5a1e1eb53d2fedb10c', 1, 2, '1733364300_photo_2024-02-28_15-37-12.jpg', '2024-10-29 09:49:29', 'I Am A. Employee', 1, '', '', '', '', '', NULL, '', '', '', '', '', '', '', '', '', '', '', '', '', '', '', '', NULL, '', NULL, '', NULL, '', NULL, '', NULL, '', NULL, '', 0, 0, 0, 0, 0, 0, 0, 0, 0, 0, 0, 0, 0, 0, 0, 0, 0, 0, 0, 0, 0, 0, 0, 0, 0, 0, 0, 0, 0, 0, 0, 0, 0, '', 0, '', 0, '', 0, '', 0, '', 0, '', 0, '', 0, '', 0, '', 0, '', 0, '', 0, '', 0, '', 0, '', '', '', '', '', '', '', '', '', ''),
(4, 'Employee', 'E.', 'Two', '', 'employee2@gmail.com', 'af74a83ae0d5777401f86af4df941e98', 1, 2, '1731007020_blank-profile-picture-973460_1280.webp', '2024-11-08 03:17:24', 'Employee E. Two', 1, '', '', '', '', '', NULL, '', '', '', '', '', '', '', '', '', '', '', '', '', '', '', '', NULL, '', NULL, '', NULL, '', NULL, '', NULL, '', NULL, '', 0, 0, 0, 0, 0, 0, 0, 0, 0, 0, 0, 0, 0, 0, 0, 0, 0, 0, 0, 0, 0, 0, 0, 0, 0, 0, 0, 0, 0, 0, 0, 0, 0, '', 0, '', 0, '', 0, '', 0, '', 0, '', 0, '', 0, '', 0, '', 0, '', 0, '', 0, '', 0, '', 0, '', '', '', '', '', '', '', '', '', ''),
(5, 'Arron', 'aaa', 'aaa', 'aaa', 'asdf@gmail.com', '202cb962ac59075b964b07152d234b70', 4, 2, '1734051480_naruto-uzumaki-minato-namikaze-black-background-amoled-5k-8k-7680x4320-8096.jpg', '2024-12-13 08:58:03', 'Arron aaa aaa', 2, '', '', '', '', '', NULL, '', '', '', '', '', '', '', '', '', '', '', '', '', '', '', '', NULL, '', NULL, '', NULL, '', NULL, '', NULL, '', NULL, '', 0, 0, 0, 0, 0, 0, 0, 0, 0, 0, 0, 0, 0, 0, 0, 0, 0, 0, 0, 0, 0, 0, 0, 0, 0, 0, 0, 0, 0, 0, 0, 0, 0, '', 0, '', 0, '', 0, '', 0, '', 0, '', 0, '', 0, '', 0, '', 0, '', 0, '', 0, '', 0, '', 0, '', '', '', '', '', '', '', '', '', ''),
(6, 'qqq', 'qqq', 'Lee', 'qqqq', 'qqq@gmail.com', 'b2ca678b4c936f905fb82f2733f5297f', 1, 3, '1734052500_naruto-uzumaki-retro-black-background-amoled-minimal-art-5120x2880-6502.jpg', '2024-12-13 09:15:33', 'qqq qqq qqqq', 2, '', '', '', '', '', NULL, '', '', '', '', '', '', '', '', '', '', '', '', '', '', '', '', NULL, '', NULL, '', NULL, '', NULL, '', NULL, '', NULL, '', 0, 0, 0, 0, 0, 0, 0, 0, 0, 0, 0, 0, 0, 0, 0, 0, 0, 0, 0, 0, 0, 0, 0, 0, 0, 0, 0, 0, 0, 0, 0, 0, 0, '', 0, '', 0, '', 0, '', 0, '', 0, '', 0, '', 0, '', 0, '', 0, '', 0, '', 0, '', 0, '', 0, '', '', '', '', '', '', '', '', '', ''),
(7, 'qqq', 'qqq', 'qqqq', '12345678901', 'zzz@gmail.com', 'f3abb86bd34cf4d52698f14c0da1dc60', 1, 3, '1734052680_sun-god-nika-luffy-3840x2160-11932.jpeg', '2024-12-13 09:18:38', '', 2, '', '', '', '', '', NULL, '', '', '', '', '', '', '', '', '', '', '', '', '', '', '', '', NULL, '', NULL, '', NULL, '', NULL, '', NULL, '', NULL, '', 0, 0, 0, 0, 0, 0, 0, 0, 0, 0, 0, 0, 0, 0, 0, 0, 0, 0, 0, 0, 0, 0, 0, 0, 0, 0, 0, 0, 0, 0, 0, 0, 0, '', 0, '', 0, '', 0, '', 0, '', 0, '', 0, '', 0, '', 0, '', 0, '', 0, '', 0, '', 0, '', 0, '', '', '', '', '', '', '', '', '', ''),
(8, 'Juan', 'Portacio', 'dela Cruz', '12345678901', 'juan@gmail.com', 'a94652aa97c7211ba8954dd15a3cf838', 1, 3, '1734053820_itachi-uchiha-9720x4320-16723.jpg', '2024-12-13 09:37:44', '', 1, '', '', '', '', '', NULL, '', '', '', '', '', '', '', '', '', '', '', '', '', '', '', '', NULL, '', NULL, '', NULL, '', NULL, '', NULL, '', NULL, '', 0, 0, 0, 0, 0, 0, 0, 0, 0, 0, 0, 0, 0, 0, 0, 0, 0, 0, 0, 0, 0, 0, 0, 0, 0, 0, 0, 0, 0, 0, 0, 0, 0, '', 0, '', 0, '', 0, '', 0, '', 0, '', 0, '', 0, '', 0, '', 0, '', 0, '', 0, '', 0, '', 0, '', '', '', '', '', '', '', '', '', ''),
(9, 'Pedro', 'Portacio', 'de Maculangan', '12345678901', 'pedro@gmail.com', 'c6cc8094c2dc07b700ffcc36d64e2138', 4, 7, '1734054240_1013260.jpg', '2024-12-13 09:44:56', '', 2, '', '', '', '', '', NULL, '', '', '', '', '', '', '', '', '', '', '', '', '', '', '', '', NULL, '', NULL, '', NULL, '', NULL, '', NULL, '', NULL, '', 0, 0, 0, 0, 0, 0, 0, 0, 0, 0, 0, 0, 0, 0, 0, 0, 0, 0, 0, 0, 0, 0, 0, 0, 0, 0, 0, 0, 0, 0, 0, 0, 0, '', 0, '', 0, '', 0, '', 0, '', 0, '', 0, '', 0, '', 0, '', 0, '', 0, '', 0, '', 0, '', 0, '', '', '', '', '', '', '', '', '', ''),
(10, 'Ben', 'M.', 'Facun', '1234', 'ben@gmail.com', '7fe4771c008a22eb763df47d19e2c6aa', 1, 3, '1734063060_naruto-uzumaki-minato-namikaze-black-background-amoled-5k-8k-7680x4320-8096.jpg', '2024-12-13 12:11:01', '', 1, '', '', '', '', '', NULL, '', '', '', '', '', '', '', '', '', '', '', '', '', '', '', '', NULL, '', NULL, '', NULL, '', NULL, '', NULL, '', NULL, '', 0, 0, 0, 0, 0, 0, 0, 0, 0, 0, 0, 0, 0, 0, 0, 0, 0, 0, 0, 0, 0, 0, 0, 0, 0, 0, 0, 0, 0, 0, 0, 0, 0, '', 0, '', 0, '', 0, '', 0, '', 0, '', 0, '', 0, '', 0, '', 0, '', 0, '', 0, '', 0, '', 0, '', '', '', '', '', '', '', '', '', ''),
(11, 'Patricio', 'A.', 'Martinez', '1234', 'patricio@gmail.com', '295299b687749528c9a9e551d11e17ea', 1, 3, '1734064920_naruto-uzumaki-retro-black-background-amoled-minimal-art-5120x2880-6502.jpg', '2024-12-13 12:42:44', '', 2, '', '', '', '', '', NULL, '', '', '', '', '', '', '', '', '', '', '', '', '', '', '', '', NULL, '', NULL, '', NULL, '', NULL, '', NULL, '', NULL, '', 0, 0, 0, 0, 0, 0, 0, 0, 0, 0, 0, 0, 0, 0, 0, 0, 0, 0, 0, 0, 0, 0, 0, 0, 0, 0, 0, 0, 0, 0, 0, 0, 0, '', 0, '', 0, '', 0, '', 0, '', 0, '', 0, '', 0, '', 0, '', 0, '', 0, '', 0, '', 0, '', 0, '', '', '', '', '', '', '', '', '', ''),
(12, 'Welliam', 'wwww', 'Bakus', 'wwww', 'www@gmail.com', '202cb962ac59075b964b07152d234b70', 1, 2, '1734073440_t.png', '2024-12-13 15:04:27', 'wwww wwww wwww', 1, '', '', '', '', '', NULL, '', '', '', '', '', '', '', '', '', '', '', '', '', '', '', '', NULL, '', NULL, '', NULL, '', NULL, '', NULL, '', NULL, '', 0, 0, 0, 0, 0, 0, 0, 0, 0, 0, 0, 0, 0, 0, 0, 0, 0, 0, 0, 0, 0, 0, 0, 0, 0, 0, 0, 0, 0, 0, 0, 0, 0, '', 0, '', 0, '', 0, '', 0, '', 0, '', 0, '', 0, '', 0, '', 0, '', 0, '', 0, '', 0, '', 0, '', '', '', '', '', '', '', '', '', ''),
(13, 'Emelda', 'eee', 'eee', 'eee', 'eee@gmail.com', 'd2f2297d6e829cd3493aa7de4416a18f', 4, 3, '1734073560_Picture4.png', '2024-12-13 15:06:30', 'eee eee eee', 1, 'Female', 'Single', 'Filipino', 'N/A', '2004-01-14', '21', 'asdf', 'asdf', 'asdf', 'asdf', 'asdf', 'asdf', 'asdf', 'asdf', 'asdf', 'asdf', 'asdf', 'asdf', 'asdf', 'asdf', 'asdf', 'asdf', '', '', '', '', '', '', '', '', '', '', '', '', 0, 0, 0, 0, 0, 0, 0, 0, 0, 0, 0, 0, 0, 0, 0, 0, 0, 0, 0, 0, 0, 0, 0, 0, 0, 0, 0, 0, 0, 0, 0, 0, 0, '', 0, '', 0, '', 0, '', 0, '', 0, '', 0, '', 0, '', 0, '', 0, 'n/a', 0, '', 0, '', 0, '', 0, '', '', '', '', '', '', '', '', '', ''),
(14, 'rrr', 'rrr', 'rrr', '1231', 'rrr@gmail.com', '44f437ced647ec3f40fa0841041871cd', 4, 3, '1734074160_Picture1.png', '2024-12-13 15:16:07', '', 1, '', '', '', '', '', NULL, '', '', '', '', '', '', '', '', '', '', '', '', '', '', '', '', NULL, '', NULL, '', NULL, '', NULL, '', NULL, '', NULL, '', 0, 0, 0, 0, 0, 0, 0, 0, 0, 0, 0, 0, 0, 0, 0, 0, 0, 0, 0, 0, 0, 0, 0, 0, 0, 0, 0, 0, 0, 0, 0, 0, 0, '', 0, '', 0, '', 0, '', 0, '', 0, '', 0, '', 0, '', 0, '', 0, '', 0, '', 0, '', 0, '', 0, '', '', '', '', '', '', '', '', '', ''),
(15, 'John Paul ', 'Abante', 'Mazo', '09548751254', 'john@gmail.com', '202cb962ac59075b964b07152d234b70', 1, 2, '1734446880_stock-vector-young-man-anime-style-character-vector-illustration-design-manga-anime-boy-black-hair-faces-2240487203.jpg', '2024-12-17 22:48:53', '  ', 2, '', '', '', '', '', NULL, '', '', '', '', '', '', '', '', '', '', '', '', '', '', '', '', NULL, '', NULL, '', NULL, '', NULL, '', NULL, '', NULL, '', 0, 0, 0, 0, 0, 0, 0, 0, 0, 0, 0, 0, 0, 0, 0, 0, 0, 0, 0, 0, 0, 0, 0, 0, 0, 0, 0, 0, 0, 0, 0, 0, 0, '', 0, '', 0, '', 0, '', 0, '', 0, '', 0, '', 0, '', 0, '', 0, '', 0, '', 0, '', 0, '', 0, '', '', '', '', '', '', '', '', '', ''),
(16, 'Marvin', 'Valmes', 'Amador', 'Amador', 'marvin@gmail.com', '202cb962ac59075b964b07152d234b70', 4, 2, '1734447000_images (12).jfif', '2024-12-17 22:50:40', 'Marvin Valmes Amador', 2, '', '', '', '', '', NULL, '', '', '', '', '', '', '', '', '', '', '', '', '', '', '', '', NULL, '', NULL, '', NULL, '', NULL, '', NULL, '', NULL, '', 0, 0, 0, 0, 0, 0, 0, 0, 0, 0, 0, 0, 0, 0, 0, 0, 0, 0, 0, 0, 0, 0, 0, 0, 0, 0, 0, 0, 0, 0, 0, 0, 0, '', 0, '', 0, '', 0, '', 0, '', 0, '', 0, '', 0, '', 0, '', 0, '', 0, '', 0, '', 0, '', 0, '', '', '', '', '', '', '', '', '', ''),
(17, 'Al', 'Abad', 'Chan', '09632145784', 'al@gmail.com', '202cb962ac59075b964b07152d234b70', 4, 9, '1734447180_images (10).jfif', '2024-12-17 22:53:30', '  ', 2, '', '', '', '', '', NULL, '', '', '', '', '', '', '', '', '', '', '', '', '', '', '', '', NULL, '', NULL, '', NULL, '', NULL, '', NULL, '', NULL, '', 0, 0, 0, 0, 0, 0, 0, 0, 0, 0, 0, 0, 0, 0, 0, 0, 0, 0, 0, 0, 0, 0, 0, 0, 0, 0, 0, 0, 0, 0, 0, 0, 0, '', 0, '', 0, '', 0, '', 0, '', 0, '', 0, '', 0, '', 0, '', 0, '', 0, '', 0, '', 0, '', 0, '', '', '', '', '', '', '', '', '', ''),
(18, 'Jessica', 'A.', 'Palad', '09854762154', 'jessica@gmail.com', '202cb962ac59075b964b07152d234b70', 1, 2, '1734447240_360_F_1012316670_PkbCehBsSfpugMCHlcvRJP36Y4SM5oZn.jpg', '2024-12-17 22:54:45', '  ', 1, '', '', '', '', '', NULL, '', '', '', '', '', '', '', '', '', '', '', '', '', '', '', '', NULL, '', NULL, '', NULL, '', NULL, '', NULL, '', NULL, '', 0, 0, 0, 0, 0, 0, 0, 0, 0, 0, 0, 0, 0, 0, 0, 0, 0, 0, 0, 0, 0, 0, 0, 0, 0, 0, 0, 0, 0, 0, 0, 0, 0, '', 0, '', 0, '', 0, '', 0, '', 0, '', 0, '', 0, '', 0, '', 0, '', 0, '', 0, '', 0, '', 0, '', '', '', '', '', '', '', '', '', ''),
(19, 'Jennifer', 'M.', 'Luiz', '0957848152', 'jennifer@gmail.com', '202cb962ac59075b964b07152d234b70', 4, 3, '1734447300_images (11).jfif', '2024-12-17 22:55:56', '  ', 1, '', '', '', '', '', NULL, '', '', '', '', '', '', '', '', '', '', '', '', '', '', '', '', NULL, '', NULL, '', NULL, '', NULL, '', NULL, '', NULL, '', 0, 0, 0, 0, 0, 0, 0, 0, 0, 0, 0, 0, 0, 0, 0, 0, 0, 0, 0, 0, 0, 0, 0, 0, 0, 0, 0, 0, 0, 0, 0, 0, 0, '', 0, '', 0, '', 0, '', 0, '', 0, '', 0, '', 0, '', 0, '', 0, '', 0, '', 0, '', 0, '', 0, '', '', '', '', '', '', '', '', '', ''),
(20, 'Hanna', 'G.', 'Bandong', '09634512875', 'hanna@gmail.com', '202cb962ac59075b964b07152d234b70', 1, 2, '1734447420_images (13).jfif', '2024-12-17 22:57:04', '  ', 1, '', '', '', '', '', NULL, '', '', '', '', '', '', '', '', '', '', '', '', '', '', '', '', NULL, '', NULL, '', NULL, '', NULL, '', NULL, '', NULL, '', 0, 0, 0, 0, 0, 0, 0, 0, 0, 0, 0, 0, 0, 0, 0, 0, 0, 0, 0, 0, 0, 0, 0, 0, 0, 0, 0, 0, 0, 0, 0, 0, 0, '', 0, '', 0, '', 0, '', 0, '', 0, '', 0, '', 0, '', 0, '', 0, '', 0, '', 0, '', 0, '', 0, '', '', '', '', '', '', '', '', '', ''),
(21, 'Angle', 'J.', 'Valdez', '09621745782', 'angle@gmail.com', '202cb962ac59075b964b07152d234b70', 1, 2, '1734447480_images (11).jfif', '2024-12-17 22:58:30', '  ', 1, '', '', '', '', '', NULL, '', '', '', '', '', '', '', '', '', '', '', '', '', '', '', '', NULL, '', NULL, '', NULL, '', NULL, '', NULL, '', NULL, '', 0, 0, 0, 0, 0, 0, 0, 0, 0, 0, 0, 0, 0, 0, 0, 0, 0, 0, 0, 0, 0, 0, 0, 0, 0, 0, 0, 0, 0, 0, 0, 0, 0, '', 0, '', 0, '', 0, '', 0, '', 0, '', 0, '', 0, '', 0, '', 0, '', 0, '', 0, '', 0, '', 0, '', '', '', '', '', '', '', '', '', ''),
(22, 'Jesa', 'H.', 'Go', '09648571542', 'jesa@gmail.com', '202cb962ac59075b964b07152d234b70', 4, 3, '1734447540_360_F_1012316670_PkbCehBsSfpugMCHlcvRJP36Y4SM5oZn.jpg', '2024-12-17 22:59:43', '  ', 2, '', '', '', '', '', NULL, '', '', '', '', '', '', '', '', '', '', '', '', '', '', '', '', NULL, '', NULL, '', NULL, '', NULL, '', NULL, '', NULL, '', 0, 0, 0, 0, 0, 0, 0, 0, 0, 0, 0, 0, 0, 0, 0, 0, 0, 0, 0, 0, 0, 0, 0, 0, 0, 0, 0, 0, 0, 0, 0, 0, 0, '', 0, '', 0, '', 0, '', 0, '', 0, '', 0, '', 0, '', 0, '', 0, '', 0, '', 0, '', 0, '', 0, '', '', '', '', '', '', '', '', '', ''),
(23, 'Farra', 'S.', 'Mendez', '09648578124', 'farra@gmail.com', '202cb962ac59075b964b07152d234b70', 1, 2, '1734447600_360_F_1012316670_PkbCehBsSfpugMCHlcvRJP36Y4SM5oZn.jpg', '2024-12-17 23:00:52', '  ', 2, '', '', '', '', '', NULL, '', '', '', '', '', '', '', '', '', '', '', '', '', '', '', '', NULL, '', NULL, '', NULL, '', NULL, '', NULL, '', NULL, '', 0, 0, 0, 0, 0, 0, 0, 0, 0, 0, 0, 0, 0, 0, 0, 0, 0, 0, 0, 0, 0, 0, 0, 0, 0, 0, 0, 0, 0, 0, 0, 0, 0, '', 0, '', 0, '', 0, '', 0, '', 0, '', 0, '', 0, '', 0, '', 0, '', 0, '', 0, '', 0, '', 0, '', '', '', '', '', '', '', '', '', ''),
(24, 'Melvin', 'F.', 'Aquino', '09352807274', 'melvin@gmail.com', '202cb962ac59075b964b07152d234b70', 4, 2, '1734448320_images (10).jfif', '2024-12-17 23:12:43', '', 2, '', '', '', '', '', NULL, '', '', '', '', '', '', '', '', '', '', '', '', '', '', '', '', NULL, '', NULL, '', NULL, '', NULL, '', NULL, '', NULL, '', 0, 0, 0, 0, 0, 0, 0, 0, 0, 0, 0, 0, 0, 0, 0, 0, 0, 0, 0, 0, 0, 0, 0, 0, 0, 0, 0, 0, 0, 0, 0, 0, 0, '', 0, '', 0, '', 0, '', 0, '', 0, '', 0, '', 0, '', 0, '', 0, '', 0, '', 0, '', 0, '', 0, '', '', '', '', '', '', '', '', '', ''),
(25, 'Honcho', 'D.', 'Luna', '09352807274', 'honcho@admin.com', '202cb962ac59075b964b07152d234b70', 1, 2, '1734448560_stock-vector-young-man-anime-style-character-vector-illustration-design-manga-anime-boy-black-hair-faces-2240487203.jpg', '2024-12-17 23:16:13', '', 2, '', '', '', '', '', NULL, '', '', '', '', '', '', '', '', '', '', '', '', '', '', '', '', NULL, '', NULL, '', NULL, '', NULL, '', NULL, '', NULL, '', 0, 0, 0, 0, 0, 0, 0, 0, 0, 0, 0, 0, 0, 0, 0, 0, 0, 0, 0, 0, 0, 0, 0, 0, 0, 0, 0, 0, 0, 0, 0, 0, 0, '', 0, '', 0, '', 0, '', 0, '', 0, '', 0, '', 0, '', 0, '', 0, '', 0, '', 0, '', 0, '', 0, '', '', '', '', '', '', '', '', '', ''),
(26, 'Shoyoo', 'H.', 'Delos Santos', '09352807274', 'shoyoo@admin.com', '202cb962ac59075b964b07152d234b70', 4, 3, '1734448620_images (13).jfif', '2024-12-17 23:17:44', '', 1, '', '', '', '', '', NULL, '', '', '', '', '', '', '', '', '', '', '', '', '', '', '', '', NULL, '', NULL, '', NULL, '', NULL, '', NULL, '', NULL, '', 0, 0, 0, 0, 0, 0, 0, 0, 0, 0, 0, 0, 0, 0, 0, 0, 0, 0, 0, 0, 0, 0, 0, 0, 0, 0, 0, 0, 0, 0, 0, 0, 0, '', 0, '', 0, '', 0, '', 0, '', 0, '', 0, '', 0, '', 0, '', 0, '', 0, '', 0, '', 0, '', 0, '', '', '', '', '', '', '', '', '', ''),
(27, 'Ban', 'C,', 'Gohas', '09632145', 'ban@admin.com', '202cb962ac59075b964b07152d234b70', 10, 2, '1734448800_images (12).jfif', '2024-12-17 23:20:53', '', 1, '', '', '', '', '', NULL, '', '', '', '', '', '', '', '', '', '', '', '', '', '', '', '', NULL, '', NULL, '', NULL, '', NULL, '', NULL, '', NULL, '', 0, 0, 0, 0, 0, 0, 0, 0, 0, 0, 0, 0, 0, 0, 0, 0, 0, 0, 0, 0, 0, 0, 0, 0, 0, 0, 0, 0, 0, 0, 0, 0, 0, '', 0, '', 0, '', 0, '', 0, '', 0, '', 0, '', 0, '', 0, '', 0, '', 0, '', 0, '', 0, '', 0, '', '', '', '', '', '', '', '', '', ''),
(28, 'JC', 'D.', 'Hebating', '09632485715', 'jc@gmail.com', '202cb962ac59075b964b07152d234b70', 4, 2, '1734477420_images (12).jfif', '2024-12-18 07:17:01', '', 1, '', '', '', '', '', NULL, '', '', '', '', '', '', '', '', '', '', '', '', '', '', '', '', NULL, '', NULL, '', NULL, '', NULL, '', NULL, '', NULL, '', 0, 0, 0, 0, 0, 0, 0, 0, 0, 0, 0, 0, 0, 0, 0, 0, 0, 0, 0, 0, 0, 0, 0, 0, 0, 0, 0, 0, 0, 0, 0, 0, 0, '', 0, '', 0, '', 0, '', 0, '', 0, '', 0, '', 0, '', 0, '', 0, '', 0, '', 0, '', 0, '', 0, '', '', '', '', '', '', '', '', '', ''),
(29, 'MJ', 'G.', 'Balmes', '09513477854', 'mj@gmail.com', '202cb962ac59075b964b07152d234b70', 1, 2, '1734477480_images (13).jfif', '2024-12-18 07:18:13', '', 2, '', '', '', '', '', NULL, '', '', '', '', '', '', '', '', '', '', '', '', '', '', '', '', NULL, '', NULL, '', NULL, '', NULL, '', NULL, '', NULL, '', 0, 0, 0, 0, 0, 0, 0, 0, 0, 0, 0, 0, 0, 0, 0, 0, 0, 0, 0, 0, 0, 0, 0, 0, 0, 0, 0, 0, 0, 0, 0, 0, 0, '', 0, '', 0, '', 0, '', 0, '', 0, '', 0, '', 0, '', 0, '', 0, '', 0, '', 0, '', 0, '', 0, '', '', '', '', '', '', '', '', '', ''),
(30, 'Natoy', 'S.', 'Wong', '09678412536', 'natoy@gmail.com', '202cb962ac59075b964b07152d234b70', 1, 3, '1734477540_stock-vector-young-man-anime-style-character-vector-illustration-design-manga-anime-boy-black-hair-faces-2240487203.jpg', '2024-12-18 07:19:19', '', 2, '', '', '', '', '', NULL, '', '', '', '', '', '', '', '', '', '', '', '', '', '', '', '', NULL, '', NULL, '', NULL, '', NULL, '', NULL, '', NULL, '', 0, 0, 0, 0, 0, 0, 0, 0, 0, 0, 0, 0, 0, 0, 0, 0, 0, 0, 0, 0, 0, 0, 0, 0, 0, 0, 0, 0, 0, 0, 0, 0, 0, '', 0, '', 0, '', 0, '', 0, '', 0, '', 0, '', 0, '', 0, '', 0, '', 0, '', 0, '', 0, '', 0, '', '', '', '', '', '', '', '', '', ''),
(31, 'Zues', 'A.', 'Marcos', '09754289327', 'zues@gmail.com', '202cb962ac59075b964b07152d234b70', 1, 2, '1734477660_images (13).jfif', '2024-12-18 07:21:16', '', 2, '', '', '', '', '', NULL, '', '', '', '', '', '', '', '', '', '', '', '', '', '', '', '', NULL, '', NULL, '', NULL, '', NULL, '', NULL, '', NULL, '', 0, 0, 0, 0, 0, 0, 0, 0, 0, 0, 0, 0, 0, 0, 0, 0, 0, 0, 0, 0, 0, 0, 0, 0, 0, 0, 0, 0, 0, 0, 0, 0, 0, '', 0, '', 0, '', 0, '', 0, '', 0, '', 0, '', 0, '', 0, '', 0, '', 0, '', 0, '', 0, '', 0, '', '', '', '', '', '', '', '', '', ''),
(32, 'John', 'E,', 'Enero', '09785412369', 'john1@gmail.com', '202cb962ac59075b964b07152d234b70', 4, 3, '1734477720_images (13).jfif', '2024-12-18 07:22:47', '', 1, '', '', '', '', '', NULL, '', '', '', '', '', '', '', '', '', '', '', '', '', '', '', '', NULL, '', NULL, '', NULL, '', NULL, '', NULL, '', NULL, '', 0, 0, 0, 0, 0, 0, 0, 0, 0, 0, 0, 0, 0, 0, 0, 0, 0, 0, 0, 0, 0, 0, 0, 0, 0, 0, 0, 0, 0, 0, 0, 0, 0, '', 0, '', 0, '', 0, '', 0, '', 0, '', 0, '', 0, '', 0, '', 0, '', 0, '', 0, '', 0, '', 0, '', '', '', '', '', '', '', '', '', ''),
(33, 'Carl', 'R.', 'Ramos', '09637854123', 'carl@gmail.com', '202cb962ac59075b964b07152d234b70', 4, 2, '1734477780_pngtree-smk-nw-anjani-anime-character-png-image_5306075.jpg', '2024-12-18 07:23:51', '', 1, '', '', '', '', '', NULL, '', '', '', '', '', '', '', '', '', '', '', '', '', '', '', '', NULL, '', NULL, '', NULL, '', NULL, '', NULL, '', NULL, '', 0, 0, 0, 0, 0, 0, 0, 0, 0, 0, 0, 0, 0, 0, 0, 0, 0, 0, 0, 0, 0, 0, 0, 0, 0, 0, 0, 0, 0, 0, 0, 0, 0, '', 0, '', 0, '', 0, '', 0, '', 0, '', 0, '', 0, '', 0, '', 0, '', 0, '', 0, '', 0, '', 0, '', '', '', '', '', '', '', '', '', ''),
(34, 'Farnce', 'K.', 'Kaloy', '09417856897', 'france@gmail.com', '202cb962ac59075b964b07152d234b70', 4, 2, '1734477900_images (11).jfif', '2024-12-18 07:25:49', '', 1, '', '', '', '', '', NULL, '', '', '', '', '', '', '', '', '', '', '', '', '', '', '', '', NULL, '', NULL, '', NULL, '', NULL, '', NULL, '', NULL, '', 0, 0, 0, 0, 0, 0, 0, 0, 0, 0, 0, 0, 0, 0, 0, 0, 0, 0, 0, 0, 0, 0, 0, 0, 0, 0, 0, 0, 0, 0, 0, 0, 0, '', 0, '', 0, '', 0, '', 0, '', 0, '', 0, '', 0, '', 0, '', 0, '', 0, '', 0, '', 0, '', 0, '', '', '', '', '', '', '', '', '', ''),
(35, 'Dale', 'P.', 'Gomes', '09687415243', 'dale@gmail.com', '202cb962ac59075b964b07152d234b70', 4, 2, '1734478080_images (13).jfif', '2024-12-18 07:28:41', '', 1, '', '', '', '', '', NULL, '', '', '', '', '', '', '', '', '', '', '', '', '', '', '', '', NULL, '', NULL, '', NULL, '', NULL, '', NULL, '', NULL, '', 0, 0, 0, 0, 0, 0, 0, 0, 0, 0, 0, 0, 0, 0, 0, 0, 0, 0, 0, 0, 0, 0, 0, 0, 0, 0, 0, 0, 0, 0, 0, 0, 0, '', 0, '', 0, '', 0, '', 0, '', 0, '', 0, '', 0, '', 0, '', 0, '', 0, '', 0, '', 0, '', 0, '', '', '', '', '', '', '', '', '', ''),
(36, 'Mary', 'P.', 'Malinao', '09587946125', 'mary@gmail.com', '202cb962ac59075b964b07152d234b70', 1, 3, '1734478260_images (13).jfif', '2024-12-18 07:31:06', '', 2, '', '', '', '', '', NULL, '', '', '', '', '', '', '', '', '', '', '', '', '', '', '', '', NULL, '', NULL, '', NULL, '', NULL, '', NULL, '', NULL, '', 0, 0, 0, 0, 0, 0, 0, 0, 0, 0, 0, 0, 0, 0, 0, 0, 0, 0, 0, 0, 0, 0, 0, 0, 0, 0, 0, 0, 0, 0, 0, 0, 0, '', 0, '', 0, '', 0, '', 0, '', 0, '', 0, '', 0, '', 0, '', 0, '', 0, '', 0, '', 0, '', 0, '', '', '', '', '', '', '', '', '', ''),
(37, 'Basile', 'B.', 'Villiar', '09634447851', 'basile@gmail.com', '202cb962ac59075b964b07152d234b70', 1, 2, '1734478380_images (10).jfif', '2024-12-18 07:33:17', '', 2, '', '', '', '', '', NULL, '', '', '', '', '', '', '', '', '', '', '', '', '', '', '', '', NULL, '', NULL, '', NULL, '', NULL, '', NULL, '', NULL, '', 0, 0, 0, 0, 0, 0, 0, 0, 0, 0, 0, 0, 0, 0, 0, 0, 0, 0, 0, 0, 0, 0, 0, 0, 0, 0, 0, 0, 0, 0, 0, 0, 0, '', 0, '', 0, '', 0, '', 0, '', 0, '', 0, '', 0, '', 0, '', 0, '', 0, '', 0, '', 0, '', 0, '', '', '', '', '', '', '', '', '', ''),
(38, 'Daniela', 'H.', 'Escuadro', '09678452315', 'dan@gmail.com', '202cb962ac59075b964b07152d234b70', 4, 2, '1734478500_pngtree-smk-nw-anjani-anime-character-png-image_5306075.jpg', '2024-12-18 07:35:21', '', 2, '', '', '', '', '', NULL, '', '', '', '', '', '', '', '', '', '', '', '', '', '', '', '', NULL, '', NULL, '', NULL, '', NULL, '', NULL, '', NULL, '', 0, 0, 0, 0, 0, 0, 0, 0, 0, 0, 0, 0, 0, 0, 0, 0, 0, 0, 0, 0, 0, 0, 0, 0, 0, 0, 0, 0, 0, 0, 0, 0, 0, '', 0, '', 0, '', 0, '', 0, '', 0, '', 0, '', 0, '', 0, '', 0, '', 0, '', 0, '', 0, '', 0, '', '', '', '', '', '', '', '', '', ''),
(39, 'Ruby Jane', 'O', 'Saluba', '09358952595', 'ruby@gmail.com', '202cb962ac59075b964b07152d234b70', 4, 2, '1734485400_IMG_20240125_131038_042.jpg', '2024-12-18 09:30:14', '  ', 1, '', '', '', '', '', NULL, '', '', '', '', '', '', '', '', '', '', '', '', '', '', '', '', NULL, '', NULL, '', NULL, '', NULL, '', NULL, '', NULL, '', 0, 0, 0, 0, 0, 0, 0, 0, 0, 0, 0, 0, 0, 0, 0, 0, 0, 0, 0, 0, 0, 0, 0, 0, 0, 0, 0, 0, 0, 0, 0, 0, 0, '', 0, '', 0, '', 0, '', 0, '', 0, '', 0, '', 0, '', 0, '', 0, '', 0, '', 0, '', 0, '', 0, '', '', '', '', '', '', '', '', '', ''),
(40, 'Nemaharie', 'H', 'Fuentes', '0925789249', 'nem@gmail.com', '202cb962ac59075b964b07152d234b70', 1, 2, '1734485580_IMG_20240125_131017_475.jpg', '2024-12-18 09:33:02', '  ', 2, '', '', '', '', '', NULL, '', '', '', '', '', '', '', '', '', '', '', '', '', '', '', '', NULL, '', NULL, '', NULL, '', NULL, '', NULL, '', NULL, '', 0, 0, 0, 0, 0, 0, 0, 0, 0, 0, 0, 0, 0, 0, 0, 0, 0, 0, 0, 0, 0, 0, 0, 0, 0, 0, 0, 0, 0, 0, 0, 0, 0, '', 0, '', 0, '', 0, '', 0, '', 0, '', 0, '', 0, '', 0, '', 0, '', 0, '', 0, '', 0, '', 0, '', '', '', '', '', '', '', '', '', ''),
(41, 'Angle Ann', 'A', 'Santos', '09125478962', 'angleann@gmail.com', '202cb962ac59075b964b07152d234b70', 4, 2, '1734485640_IMG_20240125_131018_627.jpg', '2024-12-18 09:34:57', '  ', 1, '', '', '', '', '', NULL, '', '', '', '', '', '', '', '', '', '', '', '', '', '', '', '', NULL, '', NULL, '', NULL, '', NULL, '', NULL, '', NULL, '', 0, 0, 0, 0, 0, 0, 0, 0, 0, 0, 0, 0, 0, 0, 0, 0, 0, 0, 0, 0, 0, 0, 0, 0, 0, 0, 0, 0, 0, 0, 0, 0, 0, '', 0, '', 0, '', 0, '', 0, '', 0, '', 0, '', 0, '', 0, '', 0, '', 0, '', 0, '', 0, '', 0, '', '', '', '', '', '', '', '', '', ''),
(42, 'Ferline Joy', 'B', 'Jaravata', '09789452153', 'ferline@gmail.com', '202cb962ac59075b964b07152d234b70', 4, 2, '1734485760_IMG_20240125_131018_627.jpg', '2024-12-18 09:36:43', '  ', 1, '', '', '', '', '', NULL, '', '', '', '', '', '', '', '', '', '', '', '', '', '', '', '', NULL, '', NULL, '', NULL, '', NULL, '', NULL, '', NULL, '', 0, 0, 0, 0, 0, 0, 0, 0, 0, 0, 0, 0, 0, 0, 0, 0, 0, 0, 0, 0, 0, 0, 0, 0, 0, 0, 0, 0, 0, 0, 0, 0, 0, '', 0, '', 0, '', 0, '', 0, '', 0, '', 0, '', 0, '', 0, '', 0, '', 0, '', 0, '', 0, '', 0, '', '', '', '', '', '', '', '', '', ''),
(43, 'Katherine', 'V', 'Lumogda', '09545172197', 'kath@gmail.com', '202cb962ac59075b964b07152d234b70', 4, 2, '1734486120_IMG_20240125_131018_627.jpg', '2024-12-18 09:42:27', '', 2, '', '', '', '', '', NULL, '', '', '', '', '', '', '', '', '', '', '', '', '', '', '', '', NULL, '', NULL, '', NULL, '', NULL, '', NULL, '', NULL, '', 0, 0, 0, 0, 0, 0, 0, 0, 0, 0, 0, 0, 0, 0, 0, 0, 0, 0, 0, 0, 0, 0, 0, 0, 0, 0, 0, 0, 0, 0, 0, 0, 0, '', 0, '', 0, '', 0, '', 0, '', 0, '', 0, '', 0, '', 0, '', 0, '', 0, '', 0, '', 0, '', 0, '', '', '', '', '', '', '', '', '', ''),
(44, 'Jaime Angle', 'R', 'Mijares', '09354197532', 'jaime@gmail.com', '202cb962ac59075b964b07152d234b70', 1, 2, '1734486300_IMG_20240125_131018_627.jpg', '2024-12-18 09:45:14', '', 1, '', '', '', '', '', NULL, '', '', '', '', '', '', '', '', '', '', '', '', '', '', '', '', NULL, '', NULL, '', NULL, '', NULL, '', NULL, '', NULL, '', 0, 0, 0, 0, 0, 0, 0, 0, 0, 0, 0, 0, 0, 0, 0, 0, 0, 0, 0, 0, 0, 0, 0, 0, 0, 0, 0, 0, 0, 0, 0, 0, 0, '', 0, '', 0, '', 0, '', 0, '', 0, '', 0, '', 0, '', 0, '', 0, '', 0, '', 0, '', 0, '', 0, '', '', '', '', '', '', '', '', '', ''),
(45, 'Jerico', 'L', 'Tampico', '09245154851', 'jerico@gmail.com', '202cb962ac59075b964b07152d234b70', 4, 2, '1734486540_IMG_20240125_131018_627.jpg', '2024-12-18 09:49:23', '', 2, '', '', '', '', '', NULL, '', '', '', '', '', '', '', '', '', '', '', '', '', '', '', '', NULL, '', NULL, '', NULL, '', NULL, '', NULL, '', NULL, '', 0, 0, 0, 0, 0, 0, 0, 0, 0, 0, 0, 0, 0, 0, 0, 0, 0, 0, 0, 0, 0, 0, 0, 0, 0, 0, 0, 0, 0, 0, 0, 0, 0, '', 0, '', 0, '', 0, '', 0, '', 0, '', 0, '', 0, '', 0, '', 0, '', 0, '', 0, '', 0, '', 0, '', '', '', '', '', '', '', '', '', ''),
(46, 'jae azhlie', 'taunan', 'bernabe', '09568216145', 'azh@gmail.com', '202cb962ac59075b964b07152d234b70', 1, 2, '1734486840_IMG_20240116_180159_277.jpg', '2024-12-18 09:54:18', '', 2, '', '', '', '', '', NULL, '', '', '', '', '', '', '', '', '', '', '', '', '', '', '', '', NULL, '', NULL, '', NULL, '', NULL, '', NULL, '', NULL, '', 0, 0, 0, 0, 0, 0, 0, 0, 0, 0, 0, 0, 0, 0, 0, 0, 0, 0, 0, 0, 0, 0, 0, 0, 0, 0, 0, 0, 0, 0, 0, 0, 0, '', 0, '', 0, '', 0, '', 0, '', 0, '', 0, '', 0, '', 0, '', 0, '', 0, '', 0, '', 0, '', 0, '', '', '', '', '', '', '', '', '', ''),
(47, 'Carl Vincent', 'M', 'Ramos', '09347852687', 'carlv@gmail.com', '202cb962ac59075b964b07152d234b70', 4, 2, '1734486960_IMG_20240125_131018_627.jpg', '2024-12-18 09:56:01', '', 1, '', '', '', '', '', NULL, '', '', '', '', '', '', '', '', '', '', '', '', '', '', '', '', NULL, '', NULL, '', NULL, '', NULL, '', NULL, '', NULL, '', 0, 0, 0, 0, 0, 0, 0, 0, 0, 0, 0, 0, 0, 0, 0, 0, 0, 0, 0, 0, 0, 0, 0, 0, 0, 0, 0, 0, 0, 0, 0, 0, 0, '', 0, '', 0, '', 0, '', 0, '', 0, '', 0, '', 0, '', 0, '', 0, '', 0, '', 0, '', 0, '', 0, '', '', '', '', '', '', '', '', '', ''),
(48, 'John Louie', 'C', 'Elausa', '09428796321', 'louie@gmail.com', '202cb962ac59075b964b07152d234b70', 4, 2, '1734487020_IMG_20240125_131018_627.jpg', '2024-12-18 09:57:53', '', 1, '', '', '', '', '', NULL, '', '', '', '', '', '', '', '', '', '', '', '', '', '', '', '', NULL, '', NULL, '', NULL, '', NULL, '', NULL, '', NULL, '', 0, 0, 0, 0, 0, 0, 0, 0, 0, 0, 0, 0, 0, 0, 0, 0, 0, 0, 0, 0, 0, 0, 0, 0, 0, 0, 0, 0, 0, 0, 0, 0, 0, '', 0, '', 0, '', 0, '', 0, '', 0, '', 0, '', 0, '', 0, '', 0, '', 0, '', 0, '', 0, '', 0, '', '', '', '', '', '', '', '', '', ''),
(49, 'Kenji', 'C', 'Fujita', '09425235425', 'kenji@gmail.com', '202cb962ac59075b964b07152d234b70', 4, 2, '1734487140_IMG_20240125_131018_627.jpg', '2024-12-18 09:59:50', '', 2, '', '', '', '', '', NULL, '', '', '', '', '', '', '', '', '', '', '', '', '', '', '', '', NULL, '', NULL, '', NULL, '', NULL, '', NULL, '', NULL, '', 0, 0, 0, 0, 0, 0, 0, 0, 0, 0, 0, 0, 0, 0, 0, 0, 0, 0, 0, 0, 0, 0, 0, 0, 0, 0, 0, 0, 0, 0, 0, 0, 0, '', 0, '', 0, '', 0, '', 0, '', 0, '', 0, '', 0, '', 0, '', 0, '', 0, '', 0, '', 0, '', 0, '', '', '', '', '', '', '', '', '', ''),
(50, 'Bea Claudette', 'Ambrocio', 'Malillos', '09773239122', 'bea@gmail.com', '202cb962ac59075b964b07152d234b70', 4, 2, '1734487380_IMG_20240125_131018_627.jpg', '2024-12-18 10:03:08', '', 2, '', '', '', '', '', NULL, '', '', '', '', '', '', '', '', '', '', '', '', '', '', '', '', NULL, '', NULL, '', NULL, '', NULL, '', NULL, '', NULL, '', 0, 0, 0, 0, 0, 0, 0, 0, 0, 0, 0, 0, 0, 0, 0, 0, 0, 0, 0, 0, 0, 0, 0, 0, 0, 0, 0, 0, 0, 0, 0, 0, 0, '', 0, '', 0, '', 0, '', 0, '', 0, '', 0, '', 0, '', 0, '', 0, '', 0, '', 0, '', 0, '', 0, '', '', '', '', '', '', '', '', '', ''),
(51, 'Jhonpol', 'Caballero', 'De Mayo', '09123476981', 'jhonpoldemayo@gmail.com', '202cb962ac59075b964b07152d234b70', 4, 2, '1734487500_IMG_20240125_131017_475.jpg', '2024-12-18 10:05:28', '', 1, '', '', '', '', '', NULL, '', '', '', '', '', '', '', '', '', '', '', '', '', '', '', '', NULL, '', NULL, '', NULL, '', NULL, '', NULL, '', NULL, '', 0, 0, 0, 0, 0, 0, 0, 0, 0, 0, 0, 0, 0, 0, 0, 0, 0, 0, 0, 0, 0, 0, 0, 0, 0, 0, 0, 0, 0, 0, 0, 0, 0, '', 0, '', 0, '', 0, '', 0, '', 0, '', 0, '', 0, '', 0, '', 0, '', 0, '', 0, '', 0, '', 0, '', '', '', '', '', '', '', '', '', ''),
(52, 'Nicole', 'Lubong', 'Itucas', '09672577578', 'nicole@gmail.com', '202cb962ac59075b964b07152d234b70', 4, 2, '1734487800_IMG_20240116_180157_577.jpg', '2024-12-18 10:10:11', '', 1, '', '', '', '', '', NULL, '', '', '', '', '', '', '', '', '', '', '', '', '', '', '', '', NULL, '', NULL, '', NULL, '', NULL, '', NULL, '', NULL, '', 0, 0, 0, 0, 0, 0, 0, 0, 0, 0, 0, 0, 0, 0, 0, 0, 0, 0, 0, 0, 0, 0, 0, 0, 0, 0, 0, 0, 0, 0, 0, 0, 0, '', 0, '', 0, '', 0, '', 0, '', 0, '', 0, '', 0, '', 0, '', 0, '', 0, '', 0, '', 0, '', 0, '', '', '', '', '', '', '', '', '', ''),
(53, 'John Rev ', 'A.', 'Bernabe', '091222555399', 'jhon@gmail.com', '81dc9bdb52d04dc20036dbd8313ed055', 4, 2, '1734491160_IMG_20240116_180159_277.jpg', '2024-12-18 11:06:06', '  ', 1, '', '', '', '', '', NULL, '', '', '', '', '', '', '', '', '', '', '', '', '', '', '', '', NULL, '', NULL, '', NULL, '', NULL, '', NULL, '', NULL, '', 0, 0, 0, 0, 0, 0, 0, 0, 0, 0, 0, 0, 0, 0, 0, 0, 0, 0, 0, 0, 0, 0, 0, 0, 0, 0, 0, 0, 0, 0, 0, 0, 0, '', 0, '', 0, '', 0, '', 0, '', 0, '', 0, '', 0, '', 0, '', 0, '', 0, '', 0, '', 0, '', 0, '', '', '', '', '', '', '', '', '', ''),
(54, 'aaa', 'aaa', 'aaa', '987654321', 'xxx@gmail.com', 'f3abb86bd34cf4d52698f14c0da1dc60', 1, 3, '1734586800_IMG_20240116_180200_452.jpg', '2024-12-19 13:40:44', '', 1, '', '', '', '', '', NULL, '', '', '', '', '', '', '', '', '', '', '', '', '', '', '', '', NULL, '', NULL, '', NULL, '', NULL, '', NULL, '', NULL, '', 0, 0, 0, 0, 0, 0, 0, 0, 0, 0, 0, 0, 0, 0, 0, 0, 0, 0, 0, 0, 0, 0, 0, 0, 0, 0, 0, 0, 0, 0, 0, 0, 0, '', 0, '', 0, '', 0, '', 0, '', 0, '', 0, '', 0, '', 0, '', 0, '', 0, '', 0, '', 0, '', 0, '', '', '', '', '', '', '', '', '', '');

-- --------------------------------------------------------

--
-- Table structure for table `clinic_des_list`
--

CREATE TABLE `clinic_des_list` (
  `id` int(30) NOT NULL,
  `designation` varchar(200) NOT NULL,
  `description` text NOT NULL
) ENGINE=InnoDB DEFAULT CHARSET=utf8mb4 COLLATE=utf8mb4_general_ci;

--
-- Dumping data for table `clinic_des_list`
--

INSERT INTO `clinic_des_list` (`id`, `designation`, `description`) VALUES
(2, 'Doctor', 'Sample designation'),
(3, 'Nurse', 'Sample designation'),
(7, 'Staff', 'Sample designation'),
(8, 'Trainee 1', 'Sample');

-- --------------------------------------------------------

--
-- Table structure for table `designation_list`
--

CREATE TABLE `designation_list` (
  `id` int(30) NOT NULL,
  `designation` varchar(200) NOT NULL,
  `description` text NOT NULL
) ENGINE=InnoDB DEFAULT CHARSET=utf8mb4 COLLATE=utf8mb4_general_ci;

--
-- Dumping data for table `designation_list`
--

INSERT INTO `designation_list` (`id`, `designation`, `description`) VALUES
(2, 'Student', 'Sample designation'),
(3, 'Faculty', 'Sample designation'),
(9, 'Staff', 'Sample');

-- --------------------------------------------------------

--
-- Table structure for table `doctor_staff_list`
--

CREATE TABLE `doctor_staff_list` (
  `id` int(30) NOT NULL,
  `firstname` varchar(200) NOT NULL,
  `middlename` varchar(200) NOT NULL,
  `lastname` varchar(200) NOT NULL,
  `contact` text NOT NULL,
  `email` varchar(200) NOT NULL,
  `password` text NOT NULL,
  `campus_id` int(30) NOT NULL,
  `designation_id` int(30) NOT NULL,
  `avatar` text DEFAULT NULL,
  `date_created` datetime NOT NULL DEFAULT current_timestamp()
) ENGINE=InnoDB DEFAULT CHARSET=utf8mb4 COLLATE=utf8mb4_general_ci;

--
-- Dumping data for table `doctor_staff_list`
--

INSERT INTO `doctor_staff_list` (`id`, `firstname`, `middlename`, `lastname`, `contact`, `email`, `password`, `campus_id`, `designation_id`, `avatar`, `date_created`) VALUES
(3, 'I Am', 'A.', 'Doctor', '', 'doc@gmail.com', '9a09b4dfda82e3e665e31092d1c3ec8d', 4, 2, '1730190240_1727121300_blank.png', '2024-10-29 16:24:48'),
(4, 'Pedro', 'Portacio', 'de Maculangan', '12345678901', 'docpedro@gmail.com', 'c6cc8094c2dc07b700ffcc36d64e2138', 4, 3, '1734423600_naruto-uzumaki-minato-namikaze-black-background-amoled-5k-8k-7680x4320-8096.jpg', '2024-12-17 16:20:50'),
(5, 'Janreb', 'Taunan', 'Bernabe', '09352807274', 'doc1@gmail.com', '9a09b4dfda82e3e665e31092d1c3ec8d', 4, 7, '1734424680_IMG_20240125_131038_042.jpg', '2024-12-17 16:38:01'),
(6, 'Janreb', 'Taunan', 'Bernabe', 'Bernabe', 'janreb@gmail.com', '202cb962ac59075b964b07152d234b70', 4, 2, '1734424800_IMG_20240125_131038_042.jpg', '2024-12-17 16:40:48'),
(7, 'Alvin', 'Mendes', 'Ocampo', '09521465785', 'alivin@gmail.com', '202cb962ac59075b964b07152d234b70', 1, 3, '1734443100_20240331_072410.jpeg', '2024-12-17 21:45:45'),
(8, 'KC', 'T', 'Tupas', '09293535265', 'kc@gmail.com', '202cb962ac59075b964b07152d234b70', 1, 2, '1734485160_IMG_20240125_131038_042.jpg', '2024-12-18 09:26:02');

-- --------------------------------------------------------

--
-- Table structure for table `health_records`
--

CREATE TABLE `health_records` (
  `id` int(11) NOT NULL,
  `client_id` int(11) NOT NULL,
  `date_checked` timestamp NOT NULL DEFAULT current_timestamp(),
  `h1` varchar(255) NOT NULL,
  `h2` varchar(255) NOT NULL,
  `h3` varchar(255) NOT NULL,
  `h4` varchar(255) NOT NULL,
  `h5` varchar(255) NOT NULL,
  `h6` varchar(255) NOT NULL,
  `h7` varchar(255) NOT NULL,
  `h8` varchar(255) NOT NULL,
  `h9` varchar(255) NOT NULL,
  `h10` varchar(255) NOT NULL,
  `h11` varchar(255) NOT NULL,
  `h12` varchar(255) NOT NULL,
  `h13` varchar(255) NOT NULL,
  `h14` varchar(255) NOT NULL,
  `h15` varchar(255) NOT NULL,
  `h16` varchar(255) NOT NULL,
  `h17` varchar(255) NOT NULL,
  `h18` varchar(255) NOT NULL,
  `h19` varchar(255) NOT NULL,
  `h20` varchar(255) NOT NULL,
  `h21` varchar(255) NOT NULL,
  `h22` varchar(255) NOT NULL,
  `h23` varchar(255) NOT NULL,
  `h24` varchar(255) NOT NULL,
  `h25` varchar(255) NOT NULL,
  `h26` varchar(255) NOT NULL
) ENGINE=InnoDB DEFAULT CHARSET=utf8mb4 COLLATE=utf8mb4_general_ci;

--
-- Dumping data for table `health_records`
--

INSERT INTO `health_records` (`id`, `client_id`, `date_checked`, `h1`, `h2`, `h3`, `h4`, `h5`, `h6`, `h7`, `h8`, `h9`, `h10`, `h11`, `h12`, `h13`, `h14`, `h15`, `h16`, `h17`, `h18`, `h19`, `h20`, `h21`, `h22`, `h23`, `h24`, `h25`, `h26`) VALUES
(1, 54, '2025-01-20 02:59:36', 'a', 'a', 'a', 'a', 'a', 'a', 'a', 'a', 'a', 'a', 'a', 'a', 'a', 'a', 'a', 'a', 'a', 'a', 'a', 'a', 'a', 'a', 'a', 'a', 'a', 'a'),
(2, 54, '2025-01-20 03:00:24', 'a', 'a', 'a', 'a', 'a', 'a', 'a', 'a', 'a', 'a', 'a', 'a', 'a', 'a', 'a', 'a', 'a', 'a', 'a', 'a', 'a', 'a', 'a', 'a', 'a', 'a');

-- --------------------------------------------------------

--
-- Table structure for table `medicine_list`
--

CREATE TABLE `medicine_list` (
  `id` int(11) NOT NULL,
  `medicine` varchar(255) NOT NULL,
  `gname` varchar(255) NOT NULL,
  `description` varchar(255) NOT NULL,
  `quantity` int(255) NOT NULL DEFAULT 0,
  `expiration_date` date DEFAULT NULL,
  `expcontrol` int(255) NOT NULL
) ENGINE=InnoDB DEFAULT CHARSET=utf8mb4 COLLATE=utf8mb4_general_ci;

--
-- Dumping data for table `medicine_list`
--

INSERT INTO `medicine_list` (`id`, `medicine`, `gname`, `description`, `quantity`, `expiration_date`, `expcontrol`) VALUES
(1, 'Alaxan FR', 'Paracetamol', 'For head ache', -1, '2025-02-03', 250203),
(2, 'Solmux', 'asdf', 'asdf', 1, '2025-02-02', 250202),
(3, 'Paracetamol', 'Aspelet', 'Fever', 56, '2025-02-06', 250106),
(4, 'Biogesic', 'Paracetamol', 'Fever', 50, '2025-02-07', 250207),
(5, 'Ambroxol', 'Paracetamol', 'Cough', 200, '2025-02-12', 250212),
(7, 'sss', 'ssss', 'ssss', 0, '2025-02-06', 0),
(8, 'qqq', 'qqqq', 'qqq', 0, '2025-02-05', 2025),
(9, 'www', 'www', 'www', 0, '2025-02-09', 250209);

-- --------------------------------------------------------

--
-- Table structure for table `medicine_reports`
--

CREATE TABLE `medicine_reports` (
  `id` int(11) NOT NULL,
  `med` varchar(255) NOT NULL,
  `action` varchar(255) NOT NULL
) ENGINE=InnoDB DEFAULT CHARSET=utf8mb4 COLLATE=utf8mb4_general_ci;

-- --------------------------------------------------------

--
-- Table structure for table `patient_list`
--

CREATE TABLE `patient_list` (
  `id` int(30) NOT NULL,
  `name` varchar(50) NOT NULL,
  `date_created` datetime NOT NULL DEFAULT current_timestamp()
) ENGINE=InnoDB DEFAULT CHARSET=utf8mb4 COLLATE=utf8mb4_general_ci;

--
-- Dumping data for table `patient_list`
--

INSERT INTO `patient_list` (`id`, `name`, `date_created`) VALUES
(6, 'John Smith', '2021-09-02 21:58:59'),
(9, 'Claire Blake', '2021-09-02 23:14:50'),
(10, 'Mike Williams', '2021-09-02 23:23:05'),
(11, 'Samantha Lou', '2021-09-02 23:44:32');

-- --------------------------------------------------------

--
-- Table structure for table `patient_type`
--

CREATE TABLE `patient_type` (
  `id` int(11) NOT NULL,
  `type` varchar(255) NOT NULL
) ENGINE=InnoDB DEFAULT CHARSET=utf8mb4 COLLATE=utf8mb4_general_ci;

--
-- Dumping data for table `patient_type`
--

INSERT INTO `patient_type` (`id`, `type`) VALUES
(1, 'Student'),
(2, 'Employee');

-- --------------------------------------------------------

--
-- Table structure for table `schedule_settings`
--

CREATE TABLE `schedule_settings` (
  `meta_field` text NOT NULL,
  `meta_value` text NOT NULL,
  `date_create` datetime NOT NULL DEFAULT current_timestamp() ON UPDATE current_timestamp()
) ENGINE=InnoDB DEFAULT CHARSET=utf8mb4 COLLATE=utf8mb4_general_ci;

--
-- Dumping data for table `schedule_settings`
--

INSERT INTO `schedule_settings` (`meta_field`, `meta_value`, `date_create`) VALUES
('day_schedule', 'Monday,Tuesday,Wednesday,Thursday,Friday', '2021-09-02 19:55:37'),
('morning_schedule', '08:00,11:00', '2021-09-02 19:55:37'),
('afternoon_schedule', '13:00,16:00', '2021-09-02 19:55:37');

-- --------------------------------------------------------

--
-- Table structure for table `session_list`
--

CREATE TABLE `session_list` (
  `id` int(11) NOT NULL,
  `day` varchar(255) NOT NULL,
  `time` time NOT NULL,
  `sched_id` int(11) NOT NULL,
  `campus_id` int(11) NOT NULL
) ENGINE=InnoDB DEFAULT CHARSET=utf8mb4 COLLATE=utf8mb4_general_ci;

--
-- Dumping data for table `session_list`
--

INSERT INTO `session_list` (`id`, `day`, `time`, `sched_id`, `campus_id`) VALUES
(2, 'Monday', '20:00:00', 0, 4),
(3, 'Monday', '09:00:00', 0, 4),
(5, 'Monday', '13:00:00', 0, 4);

-- --------------------------------------------------------

--
-- Table structure for table `system_settings`
--

CREATE TABLE `system_settings` (
  `id` int(30) NOT NULL,
  `name` text NOT NULL,
  `email` varchar(200) NOT NULL,
  `contact` varchar(20) NOT NULL,
  `address` text NOT NULL,
  `cover_img` text DEFAULT NULL
) ENGINE=InnoDB DEFAULT CHARSET=utf8mb4 COLLATE=utf8mb4_general_ci;

--
-- Dumping data for table `system_settings`
--

INSERT INTO `system_settings` (`id`, `name`, `email`, `contact`, `address`, `cover_img`) VALUES
(1, 'OMSC-Clinic Management System', 'info@sample.com', '1234567890', 'Labangan Poblacion, San Jose, Occidental Mindoro 5100', 'bg.png');

-- --------------------------------------------------------

--
-- Table structure for table `users`
--

CREATE TABLE `users` (
  `id` int(30) NOT NULL,
  `firstname` varchar(200) NOT NULL,
  `lastname` varchar(200) NOT NULL,
  `email` varchar(200) NOT NULL,
  `password` text NOT NULL,
  `avatar` text DEFAULT NULL,
  `date_created` datetime NOT NULL DEFAULT current_timestamp()
) ENGINE=InnoDB DEFAULT CHARSET=utf8mb4 COLLATE=utf8mb4_general_ci;

--
-- Dumping data for table `users`
--

INSERT INTO `users` (`id`, `firstname`, `lastname`, `email`, `password`, `avatar`, `date_created`) VALUES
(1, 'Administrator', 'Ako', 'admin@admin.com', '0192023a7bbd73250516f069df18b500', '1607135820_avatar.jpg', '2020-11-26 10:57:04'),
(3, 'Max', 'Chan', 'max@gmail.com', '202cb962ac59075b964b07152d234b70', '1734447840_images (11).jfif', '2024-12-17 23:04:58');

--
-- Indexes for dumped tables
--

--
-- Indexes for table `appointment_list`
--
ALTER TABLE `appointment_list`
  ADD PRIMARY KEY (`id`);

--
-- Indexes for table `campus_list`
--
ALTER TABLE `campus_list`
  ADD PRIMARY KEY (`id`);

--
-- Indexes for table `client_list`
--
ALTER TABLE `client_list`
  ADD PRIMARY KEY (`id`);

--
-- Indexes for table `clinic_des_list`
--
ALTER TABLE `clinic_des_list`
  ADD PRIMARY KEY (`id`);

--
-- Indexes for table `designation_list`
--
ALTER TABLE `designation_list`
  ADD PRIMARY KEY (`id`);

--
-- Indexes for table `doctor_staff_list`
--
ALTER TABLE `doctor_staff_list`
  ADD PRIMARY KEY (`id`);

--
-- Indexes for table `health_records`
--
ALTER TABLE `health_records`
  ADD PRIMARY KEY (`id`);

--
-- Indexes for table `medicine_list`
--
ALTER TABLE `medicine_list`
  ADD PRIMARY KEY (`id`);

--
-- Indexes for table `medicine_reports`
--
ALTER TABLE `medicine_reports`
  ADD PRIMARY KEY (`id`);

--
-- Indexes for table `patient_list`
--
ALTER TABLE `patient_list`
  ADD PRIMARY KEY (`id`);

--
-- Indexes for table `patient_type`
--
ALTER TABLE `patient_type`
  ADD PRIMARY KEY (`id`);

--
-- Indexes for table `session_list`
--
ALTER TABLE `session_list`
  ADD PRIMARY KEY (`id`);

--
-- Indexes for table `system_settings`
--
ALTER TABLE `system_settings`
  ADD PRIMARY KEY (`id`);

--
-- Indexes for table `users`
--
ALTER TABLE `users`
  ADD PRIMARY KEY (`id`);

--
-- AUTO_INCREMENT for dumped tables
--

--
-- AUTO_INCREMENT for table `appointment_list`
--
ALTER TABLE `appointment_list`
  MODIFY `id` int(255) NOT NULL AUTO_INCREMENT, AUTO_INCREMENT=22;

--
-- AUTO_INCREMENT for table `campus_list`
--
ALTER TABLE `campus_list`
  MODIFY `id` int(30) NOT NULL AUTO_INCREMENT, AUTO_INCREMENT=14;

--
-- AUTO_INCREMENT for table `client_list`
--
ALTER TABLE `client_list`
  MODIFY `id` int(30) NOT NULL AUTO_INCREMENT, AUTO_INCREMENT=55;

--
-- AUTO_INCREMENT for table `clinic_des_list`
--
ALTER TABLE `clinic_des_list`
  MODIFY `id` int(30) NOT NULL AUTO_INCREMENT, AUTO_INCREMENT=9;

--
-- AUTO_INCREMENT for table `designation_list`
--
ALTER TABLE `designation_list`
  MODIFY `id` int(30) NOT NULL AUTO_INCREMENT, AUTO_INCREMENT=11;

--
-- AUTO_INCREMENT for table `doctor_staff_list`
--
ALTER TABLE `doctor_staff_list`
  MODIFY `id` int(30) NOT NULL AUTO_INCREMENT, AUTO_INCREMENT=9;

--
-- AUTO_INCREMENT for table `health_records`
--
ALTER TABLE `health_records`
  MODIFY `id` int(11) NOT NULL AUTO_INCREMENT, AUTO_INCREMENT=5;

--
-- AUTO_INCREMENT for table `medicine_list`
--
ALTER TABLE `medicine_list`
  MODIFY `id` int(11) NOT NULL AUTO_INCREMENT, AUTO_INCREMENT=10;

--
-- AUTO_INCREMENT for table `medicine_reports`
--
ALTER TABLE `medicine_reports`
  MODIFY `id` int(11) NOT NULL AUTO_INCREMENT;

--
-- AUTO_INCREMENT for table `patient_list`
--
ALTER TABLE `patient_list`
  MODIFY `id` int(30) NOT NULL AUTO_INCREMENT, AUTO_INCREMENT=12;

--
-- AUTO_INCREMENT for table `patient_type`
--
ALTER TABLE `patient_type`
  MODIFY `id` int(11) NOT NULL AUTO_INCREMENT, AUTO_INCREMENT=3;

--
-- AUTO_INCREMENT for table `session_list`
--
ALTER TABLE `session_list`
  MODIFY `id` int(11) NOT NULL AUTO_INCREMENT, AUTO_INCREMENT=6;

--
-- AUTO_INCREMENT for table `system_settings`
--
ALTER TABLE `system_settings`
  MODIFY `id` int(30) NOT NULL AUTO_INCREMENT, AUTO_INCREMENT=2;

--
-- AUTO_INCREMENT for table `users`
--
ALTER TABLE `users`
  MODIFY `id` int(30) NOT NULL AUTO_INCREMENT, AUTO_INCREMENT=4;
COMMIT;

/*!40101 SET CHARACTER_SET_CLIENT=@OLD_CHARACTER_SET_CLIENT */;
/*!40101 SET CHARACTER_SET_RESULTS=@OLD_CHARACTER_SET_RESULTS */;
/*!40101 SET COLLATION_CONNECTION=@OLD_COLLATION_CONNECTION */;
